[
    {
        "nome": "Carlos",
        "sobrenome": "Santos",
        "idade": 50,
        "sexo": "M",
        "endereco": "Rua das Flores, 123",
        "telefone": "(11) 98765-4321",
        "email": "carlos@email.com",
        "diagnosticos": ["Hipertensão", "Diabetes"],
        "medicamentos": ["Losartana", "Metformina"],
        "alergias": ["Penicilina"],
        "cirurgias": ["Apendicectomia"],
        "contatoEmergencia": {
            "nome": "Roberto Santos",
            "telefone": "(11) 91234-5678",
            "relacao": "Irmão"
        }
    }
]
